,slug,nominal,min_t,max_t,tubes_inspected,bins_collected,critical_tubes,critical_bins
0,20220727-969d7c,4.5,0.699999988079071,9.399999618530273,159,1590,2,2
1,20221226-302a69,0.2,0.0939600020647049,0.2598400115966797,101,5088,49,124
2,20221208-a5eb08,0.18,0.05916000157594681,0.22387999296188354,81,16344,54,165
3,20221208-659a62,0.18,0.09999999403953552,51.89999771118164,83,5792,67,318
4,20221203-03eb4e,0.25,3.0053279399871826,5.774943828582764,125,3411,0,0
5,20221116-e95eb3,0.25,0.2157599925994873,0.3248000144958496,200,3048,0,0
6,20221113-f93cd0,8.128,4.949951648712158,12.669520378112793,144,27367,2,2
7,20221111-177f5b,0.22,0.11484000086784363,0.3062399923801422,309,106229,34,126
8,20221110-47f94e,0.203,0.1972000002861023,0.24823999404907227,114,1060,0,0
9,20221110-b296dd,0.203,0.12759999930858612,0.2343199998140335,118,15998,2,3
10,20221110-41ee8a,0.22,0.10787999629974365,0.2818799912929535,251,20906,56,56
11,20221109-79b274,5.588,2.592832088470459,8.603487968444824,121,25484,20,71
12,20221109-55fcce,5.08,4.419600009918213,6.305295944213867,30,4237,0,0
13,20221109-6a2b38,5.56,4.242815971374512,7.041895866394043,24,7131,0,0
14,20221109-ac1b7a,0.187,0.16704000532627106,0.23083999752998352,771,61947,0,0
15,20221109-ca64a2,0.335,0.31784000992774963,0.3885999917984009,22,3864,0,0
16,20221107-0f7ed1,0.12,0.11947999894618988,0.19487999379634857,104,2040,0,0
17,20221107-f3c8cf,0.25,0.11135999858379364,0.17980000376701355,104,2114,104,2109
18,20221103-8a719e,0.25,2.9463999271392822,6.982967376708984,95,1332,0,0
19,20221025-3b5cbf,0.25,3.682999849319458,5.097271919250488,170,4417,0,0
20,20221021-14cfb5,0.25,3.506216049194336,6.599936008453369,172,2482,0,0
21,20221015-725992,0.25,3.4178240299224854,7.837424278259277,512,40450,0,0
22,20221015-6cf161,6.4,3.1231839656829834,5.097271919250488,28,15205,28,1559
23,20221015-9a976b,0.25,3.211575984954834,5.39191198348999,40,13924,0,0
24,20221015-003a94,6.6,4.095495700836182,9.281159400939941,555,45324,3,4
25,20221015-a314e7,6.6,4.9794158935546875,7.189215660095215,15,3464,0,0
26,20221015-45d712,6.6,6.010655879974365,7.071360111236572,159,2692,0,0
27,20221012-920e5f,5.6,1.5026639699935913,9.310624122619629,97,21047,56,600
28,20221011-28df23,0.21,0.10672000050544739,0.24823999404907227,578,45089,214,628
29,20221011-2b26a1,0.21,0.12992000579833984,0.22271999716758728,27,13282,7,25
30,20221011-18c8e9,0.26,0.05916000157594681,0.4071600139141083,187,7457,132,3537
31,20221011-7c7e5f,0.26,0.05916000157594681,0.3978799879550934,187,7572,138,3547
32,20221011-d11633,0.2,0.15544000267982483,0.24940000474452972,448,40381,0,0
33,20221006-e5324e,0.24,0.11832000315189362,0.2667999863624573,14,1532,9,126
34,20221004-0fff48,0.24,0.0846799984574318,0.3885999917984009,88,11427,71,334
35,20221005-e639c9,0.24,0.12644000351428986,0.39208000898361206,16,2311,15,175
36,20221005-3572df,0.24,0.16008000075817108,0.8166400194168091,14,2609,4,17
37,20221004-103507,0.25,0.1438400000333786,0.3375599980354309,201,37679,59,447
38,20221004-26bdfa,0.07,10.399999618530273,149.8000030517578,27,1298,0,0
39,20221004-581e1e,0.25,0.17399999499320984,0.34915998578071594,178,10187,5,6
40,20221004-565f7b,0.25,0.08584000170230865,0.3445200026035309,589,14332,159,1171
41,20221002-2b4e2a,0.222,0.09976000338792801,0.28999999165534973,309,94567,150,673
42,20221002-01eb84,0.222,0.12296000123023987,0.29232001304626465,289,22849,93,178
43,20220919-b520a5,0.188,0.09511999785900116,0.3503200113773346,896,62370,12,48
44,20220922-f884ad,0.265,0.2157599925994873,0.3746800124645233,197,1170,0,0
45,20220919-d8f7a8,0.24,0.09999999403953552,20.0,130,8531,35,90
46,20220921-4a5268,0.24,0.15196000039577484,0.27955999970436096,129,8582,6,8
47,20220920-4c3c6c,0.275,0.16356000304222107,0.3039200007915497,205,7667,4,21
48,20220920-970d99,0.22,0.10440000146627426,0.38975998759269714,74,9162,62,339
49,20220920-782cf8,0.22,0.11832000315189362,0.31435999274253845,73,9285,39,147
50,20220902-de25fd,5.08,2.9758639335632324,6.717791557312012,171,2729,37,106
51,20220824-d8b1d5,5.08,2.9758639335632324,15.115032196044922,518,34071,31,68
52,20220824-106ac1,5.08,2.5044400691986084,4.9794158935546875,28,15658,10,231
53,20220824-885ad1,0.25,2.3865840435028076,5.509768009185791,40,12976,0,0
54,20220816-5d2132,0.203,0.20068000257015228,0.21807999908924103,117,4113,0,0
55,20220816-bf30c3,0.203,0.07199999690055847,0.23664000630378723,116,1477,4,4
56,20220809-7bb7b7,0.238,0.12064000219106674,0.39208000898361206,654,165766,154,462
57,20220809-4607bb,6.096,2.200000047683716,10.100000381469727,142,28608,139,4461
58,20220802-058048,0.25,0.1720000058412552,0.5057600140571594,300,14180,1,1
59,20220802-8a024d,0.25,0.11599999666213989,0.35495999455451965,162,1894,27,42
60,20220730-4ae149,7.1,4.832095623016357,7.601711750030518,607,34489,4,8
61,20220729-d34108,5.6,4.00710391998291,6.865111827850342,194,3099,0,0
62,20220719-4bad09,0.26,0.24011999368667603,0.3317599892616272,165,2132,0,0
63,20220718-4227c4,0.25,0.18328000605106354,0.3479999899864197,241,7270,0,0
64,20220714-1f306c,5.6,1.5026639699935913,6.3347601890563965,139,3792,139,2703
65,20220714-92fa49,0.25,1.826767921447754,6.3347601890563965,72,1803,0,0
66,20220704-e4c57d,6.0,2.5633678436279297,7.837424278259277,86,7681,79,870
67,20220622-e099e7,4.5,3.7124640941619873,9.310624122619629,94,11925,0,0
68,20220613-df7704,0.25,0.08816000074148178,0.5730400085449219,159,9276,92,920
69,20220613-9be655,0.35,0.15196000039577484,0.6380000114440918,215,4687,5,42
70,20220608-913240,5.6,1.7089120149612427,13.759687423706055,97,21236,84,1868
71,20220607-f44e9d,5.6,1.5026639699935913,10.282936096191406,352,14258,27,68
72,20220523-332ac6,0.28,0.07772000133991241,0.4373199939727783,187,9049,123,2443
73,20220523-64417d,0.28,0.0939600020647049,0.3665600121021271,187,8554,145,2225
74,20220515-ccad04,0.25,0.22271999716758728,0.25867998600006104,29,1214,0,0
75,20220515-42298f,0.25,0.21344000101089478,0.25867998600006104,29,1460,0,0
76,20220515-309704,0.25,0.22156000137329102,0.2853600084781647,29,589,0,0
77,20220515-be974d,0.25,0.228520005941391,0.24011999368667603,1,16,0,0
78,20220515-629c46,0.25,0.21692000329494476,0.25519999861717224,29,609,0,0
79,20220514-4032e5,0.25,0.19023999571800232,0.265639990568161,32,1286,0,0
80,20220514-77438d,0.25,0.19835999608039856,0.2563599944114685,29,1144,0,0
81,20220514-d39411,0.25,0.1937199980020523,0.25867998600006104,29,1240,0,0
82,20220514-0506e0,0.25,0.19604000449180603,0.24940000474452972,29,1287,0,0
83,20220514-5bc257,0.25,0.22040000557899475,0.254040002822876,29,717,0,0
84,20220514-619829,0.25,0.2192399948835373,0.25519999861717224,29,1097,0,0
85,20220512-4e8df2,0.25,0.18675999343395233,0.254040002822876,32,839,0,0
86,20220512-78ae23,0.25,0.20416000485420227,0.2505599856376648,32,856,0,0
87,20220512-71c4c8,0.25,0.23083999752998352,0.291159987449646,32,733,0,0
88,20220512-08fdbc,0.25,0.22040000557899475,0.25519999861717224,29,883,0,0
89,20220512-e773d9,0.25,0.19835999608039856,0.26100000739097595,29,888,0,0
90,20220513-68d72e,0.25,0.2192399948835373,0.28999999165534973,29,1160,0,0
91,20220513-fa6e44,0.25,0.23199999332427979,0.25867998600006104,37,921,0,0
92,20220513-5619fa,0.25,0.21692000329494476,0.2563599944114685,32,568,0,0
93,20220513-688038,0.25,0.2157599925994873,0.2505599856376648,16,328,0,0
94,20220512-6b18dc,0.25,0.17399999499320984,0.25751999020576477,29,993,1,1
95,20220509-349686,0.26,0.15428000688552856,0.3317599892616272,161,39564,29,63
96,20220509-227629,0.195,0.11599999666213989,0.18907999992370605,357,2401,24,27
97,20220509-44f516,0.26,0.09999999403953552,86.19999694824219,163,11565,36,49
98,20220507-a22c23,0.165,0.1473200023174286,0.18095999956130981,52,560,0,0
99,20220506-3dcfd7,0.165,0.10787999629974365,0.1252799928188324,208,4574,207,1948
100,20220506-54dac7,0.3,0.21199999749660492,0.34220001101493835,130,2316,0,0
101,20220505-d09332,0.25,0.1693599969148636,0.33640000224113464,263,14052,4,5
102,20220505-8ef2c6,0.25,0.16008000075817108,0.26100000739097595,56,3050,42,162
103,20220505-98d7f4,0.25,0.16820000112056732,0.2667999863624573,57,2967,4,7
104,20220505-dc5d79,0.25,0.19256000220775604,0.2633199989795685,57,3012,0,0
105,20220504-b1c9ff,0.24,0.13804000616073608,0.3375599980354309,419,21314,5,9
106,20220504-4442ef,0.24,0.19604000449180603,0.29232001304626465,26,7463,0,0
107,20220503-2819bc,0.25,0.1751600056886673,0.2633199989795685,57,3096,0,0
108,20220504-fdcc34,0.165,0.15428000688552856,0.19023999571800232,105,1116,0,0
109,20220504-d7f070,0.165,0.15428000688552856,0.1972000002861023,104,1024,0,0
110,20220504-f7fb9c,0.165,0.15544000267982483,0.19835999608039856,212,2472,0,0
111,20220504-c1c757,0.165,0.14963999390602112,0.25519999861717224,212,2439,0,0
112,20220504-141d18,0.25,0.1879200041294098,0.27955999970436096,57,3097,0,0
113,20220503-e94ba0,0.25,0.16820000112056732,0.26447999477386475,56,3030,6,10
114,20220422-bd7396,0.3,0.06496000289916992,0.31088000535964966,52,1198,38,238
115,20220419-92b22e,0.3125,0.17399999499320984,0.39904001355171204,182,20857,23,44
116,20220419-2b7403,0.25,3.4472880363464355,8.073136329650879,278,5785,0,0
117,20220418-4393f6,0.25,4.272279739379883,7.542783737182617,689,51411,0,0
118,20220401-7dd72c,0.25,0.1844400018453598,0.28883999586105347,264,14240,0,0
119,20220412-548a9b,6.1,6.010655879974365,6.5410075187683105,8,67,0,0
120,20220411-e68bd1,0.18,0.09628000110387802,0.24128000438213348,194,45773,31,48
121,20220410-375af1,6.1,5.539231777191162,7.012432098388672,142,30402,0,0
122,20220327-1b12b9,0.25,1.95579993724823,7.513319969177246,458,32022,0,0
123,20220326-cb4a42,6.096,1.826767921447754,11.785599708557129,140,28847,140,6340
124,20220322-e736dd,0.188,0.16099999845027924,0.32899999618530273,46,2418,0,0
125,20220322-da1245,0.205,0.14151999354362488,0.2709999978542328,412,27346,2,2
126,20220322-752b8e,0.25,0.23083999752998352,0.28883999586105347,186,6548,0,0
127,20220322-afe6aa,0.25,0.23199999332427979,0.272599995136261,188,4095,0,0
128,20220321-92341b,0.28,0.14300000667572021,0.3468399941921234,237,9222,1,1
129,20220320-6f15b5,0.25,0.07075999677181244,0.24940000474452972,462,31318,378,12480
130,20220314-d44927,0.284,0.25519999861717224,0.33292001485824585,247,7760,0,0
131,20220314-6431b4,0.284,0.20416000485420227,0.3874399960041046,314,18216,0,0
132,20220314-37a9b6,0.25,0.33799999952316284,0.44600000977516174,10,520,0,0
133,20220308-48393d,0.303,0.23800000548362732,0.4408000111579895,37,933,0,0
134,20220308-369097,0.303,0.09511999785900116,0.31435999274253845,37,1770,37,774
135,20220307-af5a4f,0.25,0.14499999582767487,0.27375999093055725,96,12850,5,7
136,20220125-e6ac62,0.22,0.9905999898910522,8.574024200439453,121,26567,0,0
137,20220125-868e22,0.22,4.272279739379883,7.542783737182617,24,7176,0,0
138,20220125-364fc2,0.2,4.625847816467285,6.216904163360596,30,4378,0,0
139,20220121-2caf44,0.25,0.11140000075101852,0.243599995970726,4,32,2,9
140,20220120-2fa223,0.25,0.1379999965429306,0.2680000066757202,4,35,2,9
141,20220110-1e2495,0.22,0.1844400018453598,0.3874399960041046,366,9356,0,0
142,20220103-955c1a,0.22,0.11947999894618988,0.40483999252319336,494,148238,248,902
143,20220103-9bb72f,0.22,0.1565999984741211,0.4663200080394745,412,11212,0,0
144,20220101-cd6975,6.096,2.9200000762939453,10.880000114440918,142,10927,125,1020
145,20211213-a02de4,0.18,0.1345600038766861,0.2630000114440918,345,14363,0,0
146,20211204-2a4dad,0.25,5.2740559577941895,11.873991966247559,188,43840,0,0
147,20211204-ed0977,0.25,5.33298397064209,12.581127166748047,188,43550,0,0
148,20211129-b7301c,0.28,0.23999999463558197,0.32943999767303467,85,1678,0,0
149,20211201-3396ee,6.096,2.4600000381469727,10.449999809265137,142,11307,133,1339
150,20211201-17434b,0.25,0.3723599910736084,0.4257200062274933,24,178,0,0
151,20211130-ec3e26,0.25,0.36423999071121216,0.4373199939727783,31,262,0,0
152,20211129-71acac,0.28,0.14499999582767487,0.3375599980354309,157,17448,5,10
153,20211129-8e0bf4,0.4,0.1720000058412552,0.468639999628067,55,3034,7,9
154,20211129-252f67,0.4,0.36772000789642334,0.46748000383377075,31,271,0,0
155,20211227-db8fa3,0.24,0.0846799984574318,0.40483999252319336,58,5424,11,36
156,20211115-224d14,0.1875,0.08235999941825867,0.22156000137329102,139,2922,95,472
157,20211115-4649e9,0.165,0.0626399964094162,0.2853600084781647,305,5199,299,892
158,20211115-67ad16,0.165,0.08900000154972076,0.19499999284744263,31,177,16,32
159,20211115-9d8404,0.28,0.1032399982213974,0.33640000224113464,151,21904,105,1017
160,20211115-4ae943,0.2,0.06728000193834305,0.2818799912929535,204,33861,202,5848
161,20211115-b107fb,0.25,0.13920000195503235,0.228520005941391,87,6273,86,5878
162,20211110-94db67,8.128,6.953503608703613,11.638279914855957,144,25730,0,0
163,20211109-5c2840,0.25,0.07423999905586243,0.4338400065898895,260,75257,253,6123
164,20211027-60d185,0.26,0.08699999749660492,1.311959981918335,270,55577,2,4
165,20211027-db7858,0.17,0.13687999546527863,0.3851200044155121,440,18743,0,0
166,20211027-82fc86,0.3,0.24476000666618347,0.3062399923801422,28,19283,0,0
167,20211027-2a766d,0.3,0.19023999571800232,0.7632799744606018,270,6028,11,34
168,20211026-b6175c,0.188,0.11020000278949738,0.25867998600006104,240,10198,88,220
169,20211019-cdc70e,0.19,0.12875999510288239,0.2842000126838684,83,4299,1,1
170,20211018-5f8490,0.203,0.11135999858379364,0.2876800000667572,166,50538,25,155
171,20211018-fec714,0.203,0.121799997985363,0.23399999737739563,332,3561,15,25
172,20211012-d99fbe,0.188,0.18199999630451202,0.34200000762939453,47,4037,0,0
173,20211012-cfa474,0.25,0.19023999571800232,0.29811999201774597,188,1792,0,0
174,20211012-becf05,0.188,0.23083999752998352,0.2818799912929535,187,4234,0,0
175,20211011-d88544,0.21,0.06843999773263931,0.2818799912929535,576,45024,184,443
176,20211011-79a710,0.21,0.10440000146627426,0.228520005941391,27,13953,20,61
177,20211005-145d1f,0.256,0.15399999916553497,0.2720000147819519,120,706,10,12
178,20210927-f29886,0.256,0.10000000149011612,0.34299999475479126,120,5750,78,186
179,20211004-6d5ae8,0.25,0.10000000149011612,0.4490000009536743,257,25521,184,1026
180,20211003-2af274,0.188976378,2.887471914291382,5.33298397064209,260,13689,0,0
181,20211001-2a2f0e,6.096,2.02000093460083,10.260004997253418,142,11063,116,683
182,20210927-d24e15,0.256,0.08699999749660492,0.41200000047683716,120,6488,92,349
183,20210927-b38867,0.256,0.15700000524520874,0.257999986410141,120,675,17,28
184,20210802-827ff7,0.26,0.17632000148296356,0.33987998962402344,83,8785,1,2
185,20210802-08feeb,0.26,0.1716800034046173,0.31435999274253845,82,61622,1,5
186,20210801-25d5ca,6.096,3.5099997520446777,10.600000381469727,142,11080,94,257
187,20210730-a0c971,6.3,5.450839996337891,6.8061842918396,69,472,0,0
188,20210728-63d425,6.3,5.185664176940918,7.925816059112549,274,13410,0,0
189,20210623-e2d6d0,6.0,3.3294320106506348,7.336535930633545,88,6723,73,575
190,20210621-db3bc1,0.25,4.773168087005615,7.395463466644287,22,1698,0,0
191,20210618-457955,0.25,3.653535842895508,8.868663787841797,117,7701,0,0
192,20210617-716d0e,0.25,3.653535842895508,8.868663787841797,117,7701,0,0
193,20210606-766262,0.38,0.06400000303983688,0.43963998556137085,68,1021,23,28
194,20210604-a17446,0.28,0.16699999570846558,0.3445200026035309,98,11096,6,7
195,20210601-a6f6ce,0.28,0.13099999725818634,0.33987998962402344,159,23319,16,27
196,20210601-c8d70c,0.28,0.20800000429153442,0.3340800106525421,86,5706,0,0
197,20210520-5832a0,0.165,0.10440000146627426,0.18328000605106354,80,426,9,17
198,20210520-5862b3,0.165,0.0939600020647049,0.26100000739097595,178,2426,32,71
199,20210518-b55430,0.24,0.11832000315189362,0.4187600016593933,89,8906,51,258
200,20210518-0e171e,0.24,0.09511999785900116,0.3387199938297272,16,5863,16,449
201,20210518-585202,0.25,0.18095999956130981,0.3479999899864197,185,42835,0,0
202,20210518-f4a160,0.2,0.1786399930715561,0.28999999165534973,181,7074,0,0
203,20210515-b373e7,0.268,0.11020000278949738,0.3793199956417084,496,104011,470,10095
204,20210513-8ae84a,0.25,0.2199999988079071,0.3131999969482422,8,63,0,0
205,20210505-1c1b79,0.26,0.16123999655246735,0.39555999636650085,270,56851,2,2
206,20210505-bd88db,0.17,0.15080000460147858,0.21807999908924103,440,18919,0,0
207,20210505-fdcc45,0.3,0.2064799964427948,0.30507999658584595,392,17985,1,1
208,20210505-639983,0.26,0.1658799946308136,0.32363998889923096,270,6518,2,3
209,20210501-080ae4,0.165,0.14499999582767487,0.23083999752998352,208,1973,0,0
210,20210430-4ccf9c,0.165,0.15080000460147858,0.1937199980020523,207,1995,0,0
211,20210428-a4f87a,0.165,0.15080000460147858,0.23316000401973724,207,2045,0,0
212,20230727-05e4b6,4.5,4.5,9.300000190734863,159,1418,0,0
213,20210429-e29238,0.165,0.14268000423908234,0.19487999379634857,155,1504,0,0
214,20210414-a2c6f3,0.26,0.002400000113993883,0.09969999641180038,78,4510,78,4510
215,20210414-61ad93,0.26,0.09047999978065491,0.37351998686790466,268,36451,69,255
216,20210414-1240e0,0.26,0.17980000376701355,0.3723599910736084,169,2884,1,1
217,20210414-686667,0.17,0.14499999582767487,0.1937199980020523,8,312,0,0
218,20210414-ba500b,0.26,0.10440000146627426,0.3248000144958496,28,3721,2,14
219,20210413-7a4b55,0.238,0.16471999883651733,0.2505599856376648,47,2503,1,1
220,20210413-7cf595,0.26,0.16008000075817108,0.4002000093460083,167,21562,31,58
221,20210409-1884c7,0.195,0.04500000178813934,0.22968000173568726,14,3133,13,255
222,20210409-3d4d44,0.22,0.15196000039577484,0.243599995970726,497,32840,1,1
223,20210409-9beac7,0.22,0.0812000036239624,0.27955999970436096,677,9542,318,941
224,20210408-26cf61,0.26,0.12296000123023987,0.3468399941921234,268,49273,104,904
225,20210408-ae965d,0.26,9.999999747378752e-05,0.029899999499320984,154,8682,154,8682
226,20210707-4243d1,6.096,2.259999990463257,10.929999351501465,142,9643,121,450
227,20210407-622841,0.22,0.2157599925994873,0.3160000145435333,108,3302,0,0
228,20210329-9559f2,0.24,0.22387999296188354,0.25751999020576477,100,15890,0,0
229,20210325-a8e1e8,0.2,0.08004000037908554,0.247079998254776,613,10404,231,601
230,20210322-11e03a,0.012,0.09999999403953552,24.899999618530273,457,33973,0,0
231,20210316-fd44d7,0.25,0.1310800015926361,0.3190000057220459,280,10369,8,11
232,20210316-331a7e,0.25,0.1125200018286705,0.29811999201774597,279,10509,7,23
233,20210310-d9557f,0.28,0.18675999343395233,0.3630799949169159,143,13869,6,9
234,20210302-1bd822,0.24,0.1252799928188324,0.32363998889923096,114,22420,18,55
235,20210302-ca97f2,0.25,0.09999999403953552,67.80000305175781,316,14360,114,392
236,20210216-6c6138,0.26,0.1937199980020523,0.38047999143600464,156,26247,0,0
237,20210216-44d443,0.26,0.20068000257015228,0.3758400082588196,155,18696,0,0
238,20210216-7d9bfa,0.26,0.08816000074148178,0.3433600068092346,157,4627,6,6
239,20210216-93bec7,0.26,0.2064799964427948,0.30507999658584595,157,5031,0,0
240,20210120-880852,6.604,3.6240720748901367,7.159751892089844,288,55175,1,3
241,20210125-0b2c94,0.205,0.17051999270915985,0.2598400115966797,222,11423,0,0
242,20210125-69c439,0.205,0.19505000114440918,0.2498600035905838,110,916,0,0
243,20210120-784d1a,6.604,4.0660319328308105,7.336535930633545,289,54538,6,11
244,20210105-7be806,6.096,1.7089120149612427,9.958831787109375,141,30518,139,3485
245,20201216-6791a7,0.238,0.1042800024151802,0.3968900144100189,495,90937,186,1035
246,20201215-d0d1d7,0.28,0.18095999956130981,0.35148000717163086,156,15828,4,7
247,20201212-d850ff,0.238,0.1068900004029274,0.37599998712539673,146,2533,55,165
248,20201122-627ca9,0.238,0.12196999788284302,0.38383999466896057,655,172676,312,1390
249,20201116-a705e6,8.128,7.480807781219482,15.251937866210938,144,28756,0,0
250,20201116-84076b,0.25,0.08352000266313553,0.23547999560832977,402,9287,255,1559
251,20201116-46d9db,0.25,0.0719200000166893,0.247079998254776,402,11129,361,3295
252,20201111-9b8b39,0.2,0.09616000205278397,0.3014799952507019,80,10067,14,22
253,20201111-ba8322,0.25,0.1686599999666214,0.30698999762535095,163,17272,2,5
254,20201110-5b37fd,0.25,0.09743999689817429,0.32712000608444214,857,36442,361,5542
255,20201110-50c594,0.25,0.19389000535011292,0.3156900107860565,103,3004,0,0
256,20201106-afc7e0,0.25,0.12052000313997269,0.28988000750541687,866,44149,386,5515
257,20201106-40276d,0.25,0.19417999684810638,0.24869999289512634,116,8758,0,0
258,20201104-c5ea51,0.2,0.12921999394893646,0.26291000843048096,79,5013,8,9
259,20201103-ed9b7e,0.28,0.09279999881982803,0.31784000992774963,547,23411,6,8
260,20201102-3e6dbb,0.256,0.08021000027656555,0.34266000986099243,115,20708,114,3392
261,20201102-c9255d,0.256,0.125450000166893,0.2362300008535385,120,1978,60,283
262,20201030-f78847,0.25,0.1306699961423874,0.33744001388549805,237,42571,4,4
263,20201026-1dd557,0.256,0.15705999732017517,0.2414499968290329,98,1389,18,96
264,20201026-9a36ee,0.256,0.07904999703168869,0.37485000491142273,116,20893,114,2247
265,20201019-3e1ae4,0.24,0.1068900004029274,0.3420799970626831,162,12423,52,226
266,20201019-643168,0.24,0.07237999886274338,0.3165600001811981,34,1531,7,68
267,20201019-d3fff3,0.28,0.20880000293254852,0.35148000717163086,55,324,0,0
268,20201019-4cf54b,0.24,0.2017199993133545,0.2687099874019623,163,2183,0,0
269,20201016-b04e5f,0.23,0.17011000216007233,0.29771000146865845,430,90013,0,0
270,20201016-c07763,0.23,0.09731999784708023,0.3107599914073944,429,27542,113,338
271,20201014-4106ff,0.26,0.17184999585151672,0.37455999851226807,270,57186,1,2
272,20201014-cb5238,0.17,0.12863999605178833,0.21883000433444977,440,18961,0,0
273,20201014-6cf8e1,0.3,0.23274999856948853,0.3386000096797943,28,18964,0,0
274,20201014-8de5fd,0.3,0.18675999343395233,0.38499999046325684,270,6642,8,18
275,20201013-ce9b1a,0.21,0.14053000509738922,0.2759599983692169,27,13607,3,8
276,20201013-6b5e5b,0.203,0.10283000022172928,0.37571999430656433,182,32106,18,39
277,20201012-20110d,0.18,0.10978999733924866,0.22492000460624695,229,18417,39,78
278,20201010-6a53ad,0.25,0.09210000187158585,0.2997399866580963,184,55181,111,1492
279,20201010-738ac6,0.26,0.19795000553131104,0.2811799943447113,153,5897,0,0
280,20201010-42cc83,0.25,0.23507000505924225,0.2863999903202057,157,2177,0,0
281,20201010-50b300,0.25,0.2202800065279007,0.2811799943447113,180,3405,0,0
282,20201009-b6b9d8,0.21,0.11181999742984772,0.24463999271392822,586,45749,129,304
283,20201006-cdbadb,0.314,0.25971999764442444,0.3571600019931793,190,8029,0,0
284,20201006-1e94ab,0.314,0.22550000250339508,0.3478800058364868,190,7956,0,0
285,20201003-e96b8c,0.24,0.0949999988079071,0.3059999942779541,420,21624,40,172
286,20201003-3d87aa,0.24,0.05671999976038933,0.26958000659942627,26,8943,26,274
287,20201003-9d9866,0.317,0.3006100058555603,0.3751400113105774,20,9322,0,0
288,20201001-9b346c,0.22,2.825495958328247,8.246871948242188,121,23447,0,0
289,20201001-6df89d,0.22,4.2324018478393555,6.442202091217041,24,7056,0,0
290,20201001-8052a2,0.2,4.887976169586182,6.059170246124268,30,4392,0,0
291,20201001-347e43,6.096,3.0,9.929999351501465,144,5231,87,148
292,20200830-dcaa69,5.588,2.6339797973632812,8.349995613098145,121,26069,94,527
293,20200830-44305b,5.08,4.040885925292969,5.963411808013916,30,4410,0,0
294,20200830-d7337a,5.56,4.293785572052002,6.282605171203613,24,7046,0,0
295,20200818-626dec,0.28,0.2414499968290329,0.3490400016307831,16,656,0,0
296,20200813-b44d63,0.105,0.09151999652385712,0.11558999866247177,28,818,0,0
297,20200811-da6161,0.105,0.061069998890161514,0.1042800024151802,28,619,3,6
298,20200701-5c80de,6.096,3.5399999618530273,9.829999923706055,144,4590,29,60
299,20200519-dd7b17,0.24,0.10311999917030334,0.38644999265670776,89,8144,41,298
300,20200519-de5104,0.24,0.1144300028681755,0.27305999398231506,16,2370,16,294
301,20200519-020931,0.24,0.14400999248027802,0.2793433368206024,14,2932,11,61
302,20200519-1cd14c,0.25,9.999999747378752e-06,0.09092000126838684,45,4310,45,4310
303,20200513-93c991,0.22,0.1263200044631958,0.2498600035905838,307,100438,43,124
304,20200512-cc45d6,0.276,0.12196999788284302,0.3160000145435333,291,10256,173,383
305,20200512-d91643,0.35,0.1532900035381317,0.38999998569488525,291,10036,45,221
306,20200423-f5ea06,0.3,0.07999999821186066,0.3596000075340271,148,133420,73,321
307,20200423-3d9cd4,0.3,0.121799997985363,0.39208000898361206,143,5478,4,4
308,20200423-e004e7,0.3,0.16356000304222107,0.3572799861431122,104,3034,2,4
309,20200423-dae971,0.28,0.20183999836444855,0.36500000953674316,235,44004,0,0
310,20200426-d7e60c,0.3,0.29309335350990295,0.34915998578071594,143,2067,0,0
311,20200410-481694,0.22,0.10892000049352646,0.25971999764442444,303,38840,87,452
312,20200323-0c56b4,0.237,0.10302333533763885,0.4267599880695343,463,95750,186,704
313,20200323-4d30bb,0.237,0.1356000006198883,0.27480000257492065,387,18608,8,14
314,20200310-73c53c,0.268,0.13434334099292755,0.3597699999809265,497,110324,376,4325
315,20200310-ded7c1,0.25,0.19611333310604095,0.35019999742507935,184,42724,0,0
316,20200310-4b0c7c,0.24,0.07498999685049057,0.3995000123977661,96,3079,24,57
317,20200309-f4ab1f,0.25,3.407409906387329,5.477255821228027,108,15154,0,0
318,20200309-8dbafb,0.0,24.363332748413086,139.82998657226562,117,4857,0,0
319,20200308-dbbf9f,0.25,0.10640666633844376,0.36296001076698303,139,116432,63,424
320,20200308-297e16,0.25,0.15966999530792236,0.3734000027179718,141,3888,1,1
321,20200308-fd1eb5,0.25,0.2849999964237213,0.3630000054836273,107,214,0,0
322,20200308-ed9202,0.25,0.17678000032901764,0.40007999539375305,190,15369,0,0
323,20200218-9fb54f,0.22,0.16498667001724243,0.41951000690460205,283,19935,0,0
324,20200218-823dc7,0.22,0.16053999960422516,0.3490400016307831,261,6173,0,0
325,20200209-90ecbb,0.28,0.1839333325624466,0.636430025100708,140,113751,5,11
326,20200209-0a015b,0.28,0.26146000623703003,0.37736332416534424,138,1352,0,0
327,20200209-7cc50d,0.28,0.24199999868869781,0.39500001072883606,110,220,0,0
328,20200107-ed0eb2,0.3,0.126826673746109,0.2946400046348572,8,1000,8,532
329,20191227-581e28,0.28,0.12835000455379486,0.35499998927116394,140,92005,48,820
330,20191227-79f87d,0.28,0.11646000295877457,0.3597699999809265,142,5298,5,12
331,20191227-e83248,0.28,0.23800000548362732,0.3779999911785126,100,200,0,0
332,20191206-d4c842,0.28,0.0,0.5694400072097778,43,4407,35,281
333,20191120-0b0bfd,0.188,0.11413999646902084,0.21563999354839325,406,7694,19,33
334,20191120-bdefec,0.188,0.12863999605178833,0.2151566594839096,293,6147,2,2
335,20191108-3ed973,5.588,2.6339797973632812,6.248230457305908,71,4842,17,95
336,20191108-c1c40d,5.08,0.0,0.22949391106764475,18,1924,18,1924
337,20191108-739b05,5.56,0.19309338927268982,0.24405823647975922,17,1221,17,1221
338,20191105-d67eab,0.195,0.131,0.18,30,316,2,2
339,20191105-57f678,0.195,0.136,0.179,25,291,1,1
340,20191029-a3c2f0,0.24,0.18780000507831573,0.3014799952507019,162,2030,0,0
341,20191029-6b9000,0.24,0.14033666666666667,0.30582999999999994,41,2591,18,53
342,20191029-ef66f9,0.24,0.11394666880369186,0.34352999925613403,165,17323,51,134
343,20191023-16251f,0.22,0.11993999779224396,0.2994152009487152,656,41832,95,157
344,20191023-8a4efe,0.24,0.13008999824523926,0.3388899862766266,171,17519,14,24
345,20191023-7458f7,0.24,0.19765999913215637,0.3446899950504303,113,910,0,0
346,20191023-2954cf,0.24,0.18780000507831573,0.2873666783173879,170,1976,0,0
347,20191024-bc2166,0.24,0.11558999866247177,0.26987001299858093,82,4887,34,154
348,20191025-66237d,0.22,0.12342000007629395,0.3794899880886078,656,150289,197,681
349,20191028-38d766,0.281,0.21699333687623343,0.32859501242637634,204,27160,0,0
350,20191021-9c7f4b,0.24,0.05990999937057495,0.26987001299858093,255,14341,242,4576
351,20191014-d02213,0.24,0.17417000234127045,0.30379998683929443,243,70706,0,0
352,20191014-e4ffb4,0.24,0.08954248577356339,0.27044999599456787,243,12588,79,377
353,20191014-e080b6,0.237,0.0430000014603138,0.3869333366552989,464,94381,413,2470
354,20191014-cb7afc,0.237,0.06222999840974808,0.27044999599456787,378,18237,249,1842
355,20191013-7e72e1,0.24,0.09419869631528854,0.2780701667070389,420,20089,53,183
356,20191013-76e6d9,0.24,0.1982399970293045,0.2759599983692169,26,9051,0,0
357,20191008-6407c4,0.21,0.11675000190734863,0.24199999868869781,586,46610,63,146
358,20191008-6ee89d,0.21,0.10599999874830246,0.26499998569488525,27,13946,11,21
359,20191008-734139,0.22,0.0857200026512146,0.376010000705719,656,143676,233,1427
360,20191007-7740c8,0.22,0.12370999902486801,0.27799999713897705,656,42283,71,131
361,20191008-ea213c,0.281,0.21419000625610352,0.3380200117826462,201,23925,0,0
362,20191008-acc7f3,0.22,0.1550000011920929,0.42399999499320984,654,8979,0,0
363,20190923-b6fbd7,0.22,0.12640231847763062,0.25810617208480835,247,46358,40,87
364,20190924-87d0f8,0.188,0.10493230074644089,0.2502935379743576,283,11483,7,10
365,20190920-f6a1e7,0.188,0.14368764559427896,0.24699999392032623,255,14511,0,0
366,20190920-fd27a8,0.188,0.12363238632678986,0.269298255443573,255,64461,12,20
367,20190909-681391,0.203,0.1043923869729042,0.3667638450860977,107,34754,68,421
368,20190909-98dddb,0.203,0.07199999690055847,0.22200000286102295,107,3238,78,168
369,20190906-bae75b,0.188,0.09239000082015991,0.2295600026845932,255,61963,66,510
370,20190906-13ce98,0.188,0.17774666349093118,0.22984999418258667,250,13397,0,0
371,20190905-586293,0.203,0.13961848616600037,0.23284989595413208,143,7575,1,1
372,20190823-401c67,0.203,0.4076200028260549,0.49751999974250793,84,756,0,0
373,20190823-cd5cfb,0.203,0.17069000005722046,0.4774133364359538,95,13662,0,0
374,20190820-e61a1f,0.203,0.17,0.201,4,47,0,0
375,20190728-1e1c04,0.206,0.09233999997377396,0.2770000100135803,275,69008,80,275
376,20190607-269711,0.28,0.11829999834299088,0.3190000057220459,158,32593,48,139
377,20190607-db1837,0.28,0.12759999930858612,0.3492000102996826,158,32131,44,261
378,20190513-602dc6,0.229,0.12099999934434891,0.25999999046325684,173,14739,7,9
379,20190515-7630f1,0.229,0.1420000046491623,0.2626666724681854,169,5754,1,1
380,20190508-bc9ac3,0.222,0.12566666305065155,0.289000004529953,308,83805,150,788
381,20190501-34c58f,0.22,0.07999999821186066,0.28303998708724976,134,36854,64,268
382,20190501-61866f,0.22,0.14000000059604645,0.26899999380111694,25,1947,1,5
383,20190426-a9effa,0.22,0.2150000035762787,0.296999990940094,32,1549,0,0
384,20190422-f7ee9c,0.26,0.20399999618530273,0.40400001406669617,270,55162,0,0
385,20190422-79bca8,0.17,0.14000000059604645,0.2199999988079071,440,18262,0,0
386,20190422-967037,0.3,0.23899999260902405,0.32333333293596905,28,18845,0,0
387,20190422-b0917f,0.3,0.20100000500679016,1.1679999828338623,270,6055,7,13
388,20190423-a5d1e7,0.385,0.08900000154972076,0.4790000021457672,177,8344,156,3798
389,20190424-04b2ab,0.385,0.08500000089406967,0.4729999899864197,178,7867,175,3789
390,20190416-ed7142,0.25,0.17900000512599945,0.3400000035762787,185,22240,0,0
391,20190416-f4e0d2,0.2,0.09000000357627869,0.28999999165534973,185,8710,20,20
392,20190412-0ce8d9,0.221,0.13899999856948853,0.3580000102519989,73,6294,2,3
393,20190408-6ef89f,0.284,0.13500000536441803,0.4059999883174896,191,55196,21,24
394,20190408-2a21cc,0.26,0.23899999260902405,0.5009999871253967,144,1204,0,0
395,20190408-6b3f35,0.264,0.34200000762939453,0.47999998927116394,125,231,0,0
396,20190408-b0d27c,0.284,0.1080000028014183,0.42649999260902405,191,5704,13,15
397,20190404-b5c354,0.25,0.11400000005960464,0.27666667103767395,426,5154,196,501
398,20190404-d50eab,0.188,0.18033333122730255,0.25600001215934753,47,1834,0,0
399,20190326-fc801e,0.22,0.13600000739097595,0.2540000081062317,420,7093,1,2
400,20190322-7563a3,0.238,0.12099999934434891,0.382999986410141,656,187580,207,970
401,20190319-dd287e,0.203,0.10000000149011612,0.3919999897480011,620,40745,149,311
402,20190318-28ae1e,0.26,0.14100000262260437,0.39399999380111694,270,56652,2,2
403,20190318-3a224b,0.17,0.1459999978542328,0.20399999618530273,440,18397,0,0
404,20190318-13620f,0.3,0.18366666634877524,0.32499998807907104,392,18032,13,13
405,20190318-5316c5,0.26,0.1599999964237213,0.3659999966621399,270,6596,4,10
406,20190311-d526d9,0.165,3.708399945497513,5.257800057530403,106,15819,0,0
407,20190310-86375a,0.203,0.14499999582767487,0.25699999928474426,106,13760,0,0
408,20190310-d05cfa,0.203,0.14300000667572021,0.21533332765102386,105,1861,0,0
409,20190226-123ece,0.275,4.394199821352959,10.922000181674958,236,29689,0,0
410,20190204-d08c55,0.24,0.08100000023841858,0.39899998903274536,170,24712,133,774
411,20190206-d91636,0.24,0.11500000208616257,0.4000000059604645,81,4830,44,236
412,20190206-7b2d77,0.28,0.07100000232458115,0.35899999737739563,126,126,31,31
413,20190114-1d914e,0.3,2.514599986374378,7.416799890995026,776,49186,0,0
414,20181126-c25c8d,0.203,0.13166666527589163,0.24899999797344208,143,24910,14,19
415,20181126-b7b036,0.203,0.16899999976158142,0.8399999737739563,142,3926,0,0
416,20181126-f21948,0.203,0.2796666622161865,0.39800000190734863,26,3129,0,0
417,20181119-889ea0,0.18,0.10100000351667404,0.27900001406669617,83,17085,54,129
418,20181105-23a07b,0.28,4.089399814605713,8.585200309753418,194,23742,0,0
419,20181029-949de3,0.24,0.15199999511241913,0.3659999966621399,89,1064,1,1
420,20181029-ef0a03,0.165,0.11266666650772095,0.2460000067949295,72,4841,3,3
421,20181028-f8cbb4,0.238,0.12800000111262003,0.36000001430511475,656,147181,70,262
422,20181028-b16b2c,0.238,0.1433333307504654,0.3499999940395355,179,6474,60,133
423,20181024-f08f05,0.22,0.07999999821186066,0.2669999897480011,176,50400,67,176
424,20181012-ce779a,0.238,0.10433333615461986,1.1865000128746033,656,168721,273,1441
425,20181008-76db11,0.21,0.12600000202655792,0.3310000002384186,586,45274,17,41
426,20181008-eff850,0.21,0.13566666841506958,0.23899999260902405,27,12963,2,4
427,20181008-95ebc6,0.2,0.11999999731779099,0.2026666651169459,60,11956,7,21
428,20181007-b824f3,0.315,0.12800000607967377,0.45899999141693115,88,2397,14,93
429,20181007-ab6eeb,0.27,0.2160000056028366,0.43700000643730164,21,458,0,0
430,20181002-6204b4,0.224,0.20333332816759744,1.2990000247955322,292,9808,0,0
431,20181002-0edcdd,0.343,0.24899999797344208,0.36500000953674316,73,676,0,0
432,20180926-254609,0.195,0.101,0.205,26,297,9,15
433,20180926-ca61af,0.195,0.121,0.206,26,306,2,2
434,20180913-9f2c07,0.203,0.11720000207424164,0.23430000245571136,18,201,9,18
435,20180725-440f1b,0.18,0.1565999984741211,0.22499999403953552,8,2919,0,0
436,20180516-65bf95,0.25,0.205,0.31,482,28611,0,0
437,20180501-cd0660,0.26,0.175,0.432,270,54468,1,2
438,20180501-50e698,0.17,0.159,0.237,440,17608,0,0
439,20180501-bfe192,0.3,0.235,0.312,392,16954,0,0
440,20180501-9e52c4,0.26,0.168,0.357,270,6083,1,3
441,20180424-5a41f3,0.203,0.158,0.253,53,2204,0,0
442,20180423-f78a24,0.268,0.128,0.375,498,121810,457,5905
443,20180424-beb1fa,0.238,0.199,0.322,183,21566,0,0
444,20180416-abc541,0.195,0.116,0.2,26,289,10,14
445,20180416-12319e,0.26,0.152,0.325,162,32634,12,22
446,20180416-2118b9,0.195,0.126,0.197,26,288,6,7
447,20180416-efbd35,0.35,0.1,0.412,134,5709,116,2329
448,20180412-94589a,0.225,0.113,0.234,60,11180,54,971
449,20180411-3dc995,0.22,0.148,0.275,176,21714,5,10
450,20180410-f86f85,0.275,4.498,8.722,239,31957,0,0
451,20180404-be2b58,0.265,0.104,0.385,247,15469,225,2145
452,20180406-d909b9,0.265,0.184,0.327,8,671,1,1
453,20180327-babe1a,0.26,0.19,0.375,270,52761,0,0
454,20180327-52aa09,0.17,0.126,0.215,440,15231,0,0
455,20180327-8a3cdc,0.3,0.255,0.332,28,17912,0,0
456,20180327-cf22b2,0.3,0.151,0.401,270,5967,4,4
457,20180312-e0450f,0.28,0.121,0.349,187,9876,114,1969
458,20180312-5b9d1f,0.3,0.136,0.375,188,9643,127,2708
459,20180217-181c5b,0.268,0.131,0.334,498,88602,440,7147
460,20180217-11d514,0.25,0.18799999356269836,0.4009999930858612,184,31776,0,0
461,20180213-e225e7,0.238,6.011,7.219,178,14869,0,0
462,20180125-514a8b,0.238,0.176,0.296,656,6622,0,0
463,20180123-152fc9,0.28,6.011,7.219,178,14869,0,0
464,20180110-d28267,0.0,41.0,94.0,105,3026,0,0
465,20171128-9ee0a5,0.22,0.128,0.271,498,24581,35,90
466,20171130-b77eb6,0.238,0.084,0.29,498,4841,56,64
467,20171120-1eb3c7,0.238,0.153,0.296,300,8466,35,58
468,20171104-39b30c,0.203,0.053,0.246,259,3380,255,2460
469,20171103-e6ba11,0.24,0.15539999306201935,0.3294000029563904,90,6817,30,106
470,20171103-8bf789,0.24,0.15080000460147858,0.3398999869823456,16,2405,15,128
471,20171103-850446,0.24,0.082,0.299,14,2774,9,46
472,20171023-158e37,0.21,0.088,0.262,582,44956,51,106
473,20171023-77fc27,0.21,0.129,0.262,27,13541,9,12
474,20171018-b24ffd,0.22,0.162,0.273,8,162,0,0
475,20171012-3ee5d7,0.25,0.194,0.303,526,34123,0,0
476,20170928-3f9322,0.25,0.152,0.312,279,79651,34,61
477,20170914-b05e6e,0.24,0.187,0.293,276,11198,0,0
478,20170914-f3ed61,0.24,0.188,0.284,25,4526,0,0
479,20170820-59ca5f,0.23,0.173,0.261,65,2693,0,0
480,20170820-db2009,0.23,0.187,0.282,12,1395,0,0
481,20170523-1948fb,0.284,0.2529,0.312,318,9079,0,0
482,20170515-14f248,0.35,0.2204,0.3747,9,678,9,28
483,20170501-d06a6c,0.26,0.21400000000000002,0.3735,270,52799,0,0
484,20170502-98bade,0.17,0.1369,0.2465,40,18280,0,0
485,20170502-3233b3,0.3,0.239,0.3445,28,17470,0,0
486,20170427-cc80b8,0.26,4.0,31.0,594,6430,0,0
487,20170327-f1495d,0.26,0.2111,0.3747,623,40880,0,0
488,20170327-53a53b,0.17,0.16007999999999997,0.297,480,19797,0,0
489,20170327-c7bcea,0.3,0.2175,0.4408,416,16298,0,0
490,20170316-e4aa87,0.25,0.0824,0.2726,283,9745,271,2311
491,20170317-e033fe,0.25,0.0835,0.268,199,6871,159,651
492,20170311-e152db,0.23,4.51,59.839999999999996,342,24787,0,0
493,20161025-3219a1,0.21,0.113,0.26,374,27169,31,59
